CREATE TABLE USER(
  USERNAME VARCHAR(40) PRIMARY KEY,
  PASSWORD  VARCHAR(10),
  ROLE VARCHAR(40),
  NAME VARCHAR(40),
  LASTNAME VARCHAR(40)
);
CREATE TABLE PACIENTE(
  NOME VARCHAR(40),
  SOBRENOME VARCHAR(40),
  DATA_NASC DATE,
  SEXO VARCHAR(10),
  CPF VARCHAR(15) PRIMARY KEY
);
CREATE TABLE INTERNACAO(
  ID INT PRIMARY KEY,
  ID_PRESCRICAO INT,
  CPF VARCHAR(15),
  DATA_INTERN DATE,
  LEITO INT,
  POSTO INT,
  SETOR INT,
  MED_RESPONSAVEL VARCHAR(40),
  SITUACAO VARCHAR(40),
  FOREIGN KEY(CPF) REFERENCES PACIENTE(CPF),
  FOREIGN KEY(MED_RESPONSAVEL) REFERENCES USER(USERNAME),
  FOREIGN KEY(ID_PRESCRICAO) REFERENCES PRESCRICAO(ID)
);
CREATE TABLE MEDICAMENTO(
  ID INT PRIMARY KEY,
  NOME VARCHAR(40),
);
CREATE TABLE PRESCRICAO(
  ID INT PRIMARY KEY,
  MED_RESPONSAVEL VARCHAR(40),
  SITUACAO VARCHAR(40),
  DATA_CRIACAO DATE,
  FOREIGN KEY(MED_RESPONSAVEL) REFERENCES USER(USERNAME),
);
CREATE TABLE MEDICAMENTO_PRESCRICAO(
  ID_MEDICAMENTO INT,
  ID_PRESCRICAO INT,
  OBSERVACAO VARCHAR(400),
  PRIMARY KEY (ID_MEDICAMENTO, ID_PRESCRICAO),
  FOREIGN KEY (ID_MEDICAMENTO) REFERENCES MEDICAMENTO(ID),
  FOREIGN KEY (ID_PRESCRICAO) REFERENCES PRESCRICAO(ID)
);

INSERT INTO  USER (USERNAME, PASSWORD, ROLE, NAME, LASTNAME) values ('mmachado', 'machado99', 'medico', 'Marcelo', 'Machado');
INSERT INTO  USER (USERNAME, PASSWORD, ROLE, NAME, LASTNAME) values ('luisc', '334411', 'farmaceutico', 'Luis', 'Cardoso');
INSERT INTO  USER (USERNAME, PASSWORD, ROLE, NAME, LASTNAME) values ('betas', 'asdf1234', 'medico', 'Roberta', 'Souza');
INSERT INTO  USER (USERNAME, PASSWORD, ROLE, NAME, LASTNAME) values ('fernanda1', 'ferlopes', 'farmaceutico', 'Fernanda', 'Lopes');

INSERT INTO PACIENTE (NOME, SOBRENOME, DATA_NASC, CPF) values ('Juliano', 'Fraga', to_date('05/05/1989', 'DD/MM/YYYY'), '4561238094583');
INSERT INTO PACIENTE (NOME, SOBRENOME, DATA_NASC, CPF) values ('Julia', 'Martins', to_date('30/03/1994', 'DD/MM/YYYY'), '5468741365987');
INSERT INTO PACIENTE (NOME, SOBRENOME, DATA_NASC, CPF) values ('Ricardo', 'Fonseca', to_date('14/07/1962', 'DD/MM/YYYY'), '3698741259654');
INSERT INTO PACIENTE (NOME, SOBRENOME, DATA_NASC, CPF) values ('Juliano', 'Fraga', to_date('09/12/2000', 'DD/MM/YYYY'), '3698547895412');

INSERT INTO INTERNACAO (CPF, DATA_INTERN, LEITO, POSTO, SETOR, MED_RESPONSAVEL) values ('4561238094583', to_date('15/03/2017', 'DD/MM/YYYY'), 11, 14, 3, 'betas');
INSERT INTO INTERNACAO (CPF, DATA_INTERN, LEITO, POSTO, SETOR, MED_RESPONSAVEL) values ('5468741365987', to_date('09/05/2017', 'DD/MM/YYYY'), 3, 14, 1, 'mmachado');
INSERT INTO INTERNACAO (CPF, DATA_INTERN, LEITO, POSTO, SETOR, MED_RESPONSAVEL) values ('3698741259654', to_date('01/04/2017', 'DD/MM/YYYY'), 7, 13, 2, 'betas');
INSERT INTO INTERNACAO (CPF, DATA_INTERN, LEITO, POSTO, SETOR, MED_RESPONSAVEL) values ('3698547895412', to_date('10/12/2016', 'DD/MM/YYYY'), 6, 13, 1, 'mmachado');

INSERT INTO MEDICAMENTO(ID, NOME) values (44567, 'ASPIRINA 500 MG COM CT 10 ENV X 2');
INSERT INTO MEDICAMENTO(ID, NOME) values (38345, '              IQUEGO - PARACETAMOL 500 MG COM CX ENV KRAFT POLIET X 500 (EMB. HOSP');
INSERT INTO MEDICAMENTO(ID, NOME) values (28644, 'TORAGESIC 10 MG COM SUB- LING CT FR VD AMB X 10&nbsp;01');
INSERT INTO MEDICAMENTO(ID, NOME) values (96494, 'ISOFARMA - SOLUÇÃO DE SULFATO DE MAGNESIO 100 MG/ML SOL INJ CX 100 AMP PLAS TRANS PE X 10 ML');

INSERT INTO PRESCRICAO(ID, CPF, MED_RESPONSAVEL) values (58654, '4561238094583', 'mmachado');
INSERT INTO PRESCRICAO(ID, CPF, MED_RESPONSAVEL) values (86456, '5468741365987', 'mmachado');
INSERT INTO PRESCRICAO(ID, CPF, MED_RESPONSAVEL) values (47854, '4561238094583', 'betas');
INSERT INTO PRESCRICAO(ID, CPF, MED_RESPONSAVEL) values (69845, '3698741259654', 'betas');

INSERT INTO MEDICAMENTO_PRESCRICAO(ID_MEDICAMENTO, ID_PRESCRICAO) values (58654, 44567);
INSERT INTO MEDICAMENTO_PRESCRICAO(ID_MEDICAMENTO, ID_PRESCRICAO) values (58654, 38345);
INSERT INTO MEDICAMENTO_PRESCRICAO(ID_MEDICAMENTO, ID_PRESCRICAO) values (86456, 96494);
INSERT INTO MEDICAMENTO_PRESCRICAO(ID_MEDICAMENTO, ID_PRESCRICAO) values (47854, 28644);
INSERT INTO MEDICAMENTO_PRESCRICAO(ID_MEDICAMENTO, ID_PRESCRICAO) values (69845, 38345);
